NOC,Sport,size,rank
AFG,Taekwondo,2,1.0
AHO,Sailing,1,1.0
AIN,Tennis,2,1.0
AIN,Trampoline Gymnastics,2,2.0
AIN,Rowing,1,3.0
AIN,Weightlifting,1,4.0
ALB,Wrestling,2,1.0
ALG,Athletics,10,1.0
ALG,Boxing,7,2.0
ALG,Judo,2,3.0
ALG,Artistic Gymnastics,1,4.0
ANZ,Rugby,15,1.0
ANZ,Swimming,11,2.0
ANZ,Athletics,1,3.0
ANZ,Boxing,1,4.0
ANZ,Tennis,1,5.0
ARG,Hockey,115,1.0
ARG,Football,68,2.0
ARG,Basketball,24,3.0
ARG,Boxing,24,4.0
ARG,Volleyball,24,5.0
ARG,Sailing,23,6.0
ARG,Rugby Sevens,13,7.0
ARG,Polo,9,8.0
ARG,Tennis,7,9.0
ARG,Rowing,6,10.0
ARG,Athletics,5,11.0
ARG,Fencing,5,12.0
ARG,Swimming,3,13.0
ARG,Cycling,2,14.0
ARG,Judo,2,15.0
ARM,Wrestling,11,1.0
ARM,Weightlifting,9,2.0
ARM,Artistic Gymnastics,2,3.0
ARM,Boxing,2,4.0
AUS,Swimming,505,1.0
AUS,Hockey,206,2.0
AUS,Rowing,162,3.0
AUS,Athletics,100,4.0
AUS,Cycling,84,5.0
AUS,Basketball,83,6.0
AUS,Softball,60,7.0
AUS,Sailing,58,8.0
AUS,Water Polo,52,9.0
AUS,Canoeing,41,10.0
AUS,Equestrianism,37,11.0
AUS,Baseball,24,12.0
AUS,Diving,22,13.0
AUS,Cycling Track,18,14.0
AUS,Tennis,14,15.0
AUT,Handball,22,1.0
AUT,Canoeing,21,2.0
AUT,Swimming,17,3.0
AUT,Sailing,15,4.0
AUT,Fencing,13,5.0
AUT,Football,13,6.0
AUT,Weightlifting,11,7.0
AUT,Art Competitions,10,8.0
AUT,Rowing,10,9.0
AUT,Athletics,8,10.0
AUT,Judo,8,11.0
AUT,Shooting,8,12.0
AUT,Equestrianism,6,13.0
AUT,Wrestling,6,14.0
AUT,Cycling,3,15.0
AZE,Wrestling,29,1.0
AZE,Boxing,10,2.0
AZE,Judo,7,3.0
AZE,Taekwondo,4,4.0
AZE,Shooting,3,5.0
AZE,Canoeing,2,6.0
AZE,Karate,2,7.0
AZE,Weightlifting,1,8.0
BAH,Athletics,38,1.0
BAH,Sailing,4,2.0
BAR,Athletics,1,1.0
BDI,Athletics,2,1.0
BEL,Water Polo,54,1.0
BEL,Archery,52,2.0
BEL,Fencing,48,3.0
BEL,Gymnastics,48,4.0
BEL,Hockey,48,5.0
BEL,Cycling,47,6.0
BEL,Rowing,30,7.0
BEL,Equestrianism,23,8.0
BEL,Football,23,9.0
BEL,Athletics,21,10.0
BEL,Sailing,19,11.0
BEL,Shooting,17,12.0
BEL,Judo,14,13.0
BEL,Art Competitions,8,14.0
BEL,Tug-Of-War,8,15.0
BER,Boxing,1,1.0
BER,Triathlon,1,2.0
BLR,Canoeing,22,1.0
BLR,Rhythmic Gymnastics,22,2.0
BLR,Athletics,18,3.0
BLR,Rowing,17,4.0
BLR,Wrestling,14,5.0
BLR,Weightlifting,12,6.0
BLR,Shooting,7,7.0
BLR,Canoe Sprint,4,8.0
BLR,Gymnastics,4,9.0
BLR,Swimming,3,10.0
BLR,Tennis,3,11.0
BLR,Boxing,2,12.0
BLR,Judo,2,13.0
BLR,Cycling,1,14.0
BLR,Modern Pentathlon,1,15.0
BOH,Fencing,6,1.0
BOH,Tennis,5,2.0
BOH,Athletics,1,3.0
BOT,Athletics,14,1.0
BRA,Football,180,1.0
BRA,Volleyball,145,2.0
BRA,Basketball,58,3.0
BRA,Judo,37,4.0
BRA,Sailing,36,5.0
BRA,Athletics,30,6.0
BRA,Beach Volleyball,28,7.0
BRA,Swimming,22,8.0
BRA,Artistic Gymnastics,10,9.0
BRA,Boxing,9,10.0
BRA,Equestrianism,9,11.0
BRA,Shooting,8,12.0
BRA,Skateboarding,5,13.0
BRA,Canoeing,4,14.0
BRA,Gymnastics,4,15.0
BRN,Athletics,6,1.0
BRN,Weightlifting,1,2.0
BRN,Wrestling,1,3.0
BUL,Wrestling,73,1.0
BUL,Weightlifting,38,2.0
BUL,Rowing,34,3.0
BUL,Football,32,4.0
BUL,Canoeing,28,5.0
BUL,Basketball,24,6.0
BUL,Rhythmic Gymnastics,24,7.0
BUL,Volleyball,22,8.0
BUL,Boxing,20,9.0
BUL,Athletics,19,10.0
BUL,Shooting,17,11.0
BUL,Gymnastics,10,12.0
BUL,Equestrianism,3,13.0
BUL,Judo,3,14.0
BUL,Swimming,3,15.0
BUR,Athletics,1,1.0
CAN,Rowing,223,1.0
CAN,Swimming,121,2.0
CAN,Athletics,120,3.0
CAN,Football,71,4.0
CAN,Lacrosse,36,5.0
CAN,Canoeing,33,6.0
CAN,Rugby Sevens,26,7.0
CAN,Synchronized Swimming,26,8.0
CAN,Sailing,25,9.0
CAN,Shooting,24,10.0
CAN,Cycling,23,11.0
CAN,Diving,22,12.0
CAN,Boxing,18,13.0
CAN,Equestrianism,17,14.0
CAN,Wrestling,17,15.0
CHI,Football,17,1.0
CHI,Tennis,5,2.0
CHI,Equestrianism,4,3.0
CHI,Boxing,3,4.0
CHI,Athletics,2,5.0
CHI,Shooting,2,6.0
CHI,Wrestling,1,7.0
CHN,Swimming,120,1.0
CHN,Diving,119,2.0
CHN,Gymnastics,109,3.0
CHN,Table Tennis,104,4.0
CHN,Badminton,83,5.0
CHN,Shooting,81,6.0
CHN,Weightlifting,70,7.0
CHN,Volleyball,66,8.0
CHN,Rowing,44,9.0
CHN,Athletics,36,10.0
CHN,Hockey,33,11.0
CHN,Fencing,31,12.0
CHN,Synchronized Swimming,31,13.0
CHN,Artistic Gymnastics,24,14.0
CHN,Basketball,23,15.0
CIV,Taekwondo,4,1.0
CIV,Athletics,1,2.0
CMR,Football,18,1.0
CMR,Athletics,2,2.0
CMR,Boxing,2,3.0
COL,Weightlifting,9,1.0
COL,Cycling,6,2.0
COL,Athletics,5,3.0
COL,Boxing,5,4.0
COL,Wrestling,3,5.0
COL,Cycling BMX Racing,2,6.0
COL,Judo,2,7.0
COL,Shooting,2,8.0
COL,Artistic Gymnastics,1,9.0
COL,Taekwondo,1,10.0
COL,Tug-Of-War,1,11.0
CPV,Boxing,1,1.0
CRC,Swimming,4,1.0
CRO,Water Polo,51,1.0
CRO,Handball,46,2.0
CRO,Rowing,23,3.0
CRO,Basketball,12,4.0
CRO,Tennis,10,5.0
CRO,Athletics,6,6.0
CRO,Taekwondo,6,7.0
CRO,Sailing,4,8.0
CRO,Shooting,4,9.0
CRO,Weightlifting,2,10.0
CRO,Artistic Gymnastics,1,11.0
CRO,Boxing,1,12.0
CRO,Gymnastics,1,13.0
CRO,Judo,1,14.0
CRO,Swimming,1,15.0
CUB,Baseball,112,1.0
CUB,Boxing,80,2.0
CUB,Athletics,61,3.0
CUB,Volleyball,52,4.0
CUB,Judo,37,5.0
CUB,Wrestling,30,6.0
CUB,Fencing,20,7.0
CUB,Basketball,12,8.0
CUB,Taekwondo,7,9.0
CUB,Canoeing,5,10.0
CUB,Shooting,5,11.0
CUB,Weightlifting,5,12.0
CUB,Canoe Sprint,3,13.0
CUB,Sailing,2,14.0
CUB,Swimming,2,15.0
CYP,Sailing,2,1.0
CZE,Canoeing,24,1.0
CZE,Athletics,15,2.0
CZE,Tennis,15,3.0
CZE,Shooting,11,4.0
CZE,Rowing,8,5.0
CZE,Fencing,5,6.0
CZE,Canoe Sprint,4,7.0
CZE,Canoe Slalom,2,8.0
CZE,Cycling,2,9.0
CZE,Judo,2,10.0
CZE,Modern Pentathlon,2,11.0
CZE,Boxing,1,12.0
CZE,Sailing,1,13.0
CZE,Triathlon,1,14.0
DEN,Gymnastics,111,1.0
DEN,Handball,105,2.0
DEN,Rowing,81,3.0
DEN,Sailing,68,4.0
DEN,Football,65,5.0
DEN,Cycling,52,6.0
DEN,Shooting,28,7.0
DEN,Canoeing,22,8.0
DEN,Swimming,22,9.0
DEN,Badminton,14,10.0
DEN,Wrestling,14,11.0
DEN,Boxing,12,12.0
DEN,Hockey,12,13.0
DEN,Cycling Track,11,14.0
DEN,Art Competitions,9,15.0
DJI,Athletics,1,1.0
DMA,Athletics,1,1.0
DOM,Baseball/Softball,24,1.0
DOM,Athletics,10,2.0
DOM,Boxing,4,3.0
DOM,Taekwondo,2,4.0
DOM,Weightlifting,2,5.0
ECU,Athletics,5,1.0
ECU,Weightlifting,4,2.0
ECU,Cycling Road,1,3.0
ECU,Wrestling,1,4.0
EGY,Weightlifting,12,1.0
EGY,Wrestling,7,2.0
EGY,Taekwondo,4,3.0
EGY,Boxing,3,4.0
EGY,Diving,2,5.0
EGY,Fencing,2,6.0
EGY,Judo,2,7.0
EGY,Karate,2,8.0
EGY,Modern Pentathlon,2,9.0
EOR,Boxing,1,1.0
ERI,Athletics,1,1.0
ESP,Football,96,1.0
ESP,Handball,91,2.0
ESP,Hockey,77,3.0
ESP,Water Polo,62,4.0
ESP,Basketball,60,5.0
ESP,Sailing,38,6.0
ESP,Canoeing,24,7.0
ESP,Tennis,23,8.0
ESP,Athletics,20,9.0
ESP,Synchronized Swimming,20,10.0
ESP,Cycling,19,11.0
ESP,Rhythmic Gymnastics,12,12.0
ESP,Canoe Sprint,11,13.0
ESP,Equestrianism,11,14.0
ESP,Artistic Swimming,9,15.0
EST,Wrestling,11,1.0
EST,Rowing,7,2.0
EST,Sailing,7,3.0
EST,Weightlifting,7,4.0
EST,Athletics,6,5.0
EST,Fencing,5,6.0
EST,Judo,3,7.0
EST,Boxing,1,8.0
EST,Cycling,1,9.0
ETH,Athletics,61,1.0
EUN,Swimming,30,1.0
EUN,Athletics,29,2.0
EUN,Gymnastics,28,3.0
EUN,Handball,25,4.0
EUN,Wrestling,16,5.0
EUN,Fencing,13,6.0
EUN,Water Polo,13,7.0
EUN,Basketball,12,8.0
EUN,Weightlifting,9,9.0
EUN,Shooting,8,10.0
EUN,Volleyball,8,11.0
EUN,Archery,4,12.0
EUN,Judo,4,13.0
EUN,Modern Pentathlon,4,14.0
EUN,Rowing,4,15.0
FIJ,Rugby Sevens,53,1.0
FIN,Athletics,138,1.0
FIN,Gymnastics,99,2.0
FIN,Wrestling,85,3.0
FIN,Shooting,41,4.0
FIN,Sailing,35,5.0
FIN,Boxing,16,6.0
FIN,Rowing,16,7.0
FIN,Canoeing,14,8.0
FIN,Modern Pentathlon,11,9.0
FIN,Archery,6,10.0
FIN,Art Competitions,5,11.0
FIN,Swimming,5,12.0
FIN,Weightlifting,3,13.0
FIN,Figure Skating,2,14.0
FRA,Fencing,340,1.0
FRA,Cycling,151,2.0
FRA,Handball,126,3.0
FRA,Sailing,124,4.0
FRA,Rowing,123,5.0
FRA,Athletics,118,6.0
FRA,Swimming,93,7.0
FRA,Judo,90,8.0
FRA,Basketball,86,9.0
FRA,Equestrianism,79,10.0
FRA,Shooting,71,11.0
FRA,Gymnastics,58,12.0
FRA,Canoeing,53,13.0
FRA,Football,53,14.0
FRA,Archery,52,15.0
FRG,Athletics,71,1.0
FRG,Hockey,66,2.0
FRG,Equestrianism,62,3.0
FRG,Swimming,59,4.0
FRG,Rowing,51,5.0
FRG,Fencing,48,6.0
FRG,Cycling,28,7.0
FRG,Football,18,8.0
FRG,Handball,15,9.0
FRG,Canoeing,14,10.0
FRG,Sailing,14,11.0
FRG,Water Polo,12,12.0
FRG,Shooting,11,13.0
FRG,Wrestling,9,14.0
FRG,Judo,8,15.0
GAB,Taekwondo,1,1.0
GBR,Athletics,393,1.0
GBR,Rowing,319,2.0
GBR,Cycling,182,3.0
GBR,Hockey,181,4.0
GBR,Swimming,157,5.0
GBR,Sailing,153,6.0
GBR,Shooting,102,7.0
GBR,Equestrianism,83,8.0
GBR,Tennis,67,9.0
GBR,Boxing,63,10.0
GBR,Gymnastics,51,11.0
GBR,Football,45,12.0
GBR,Cycling Track,41,13.0
GBR,Tug-Of-War,40,14.0
GBR,Polo,30,15.0
GDR,Rowing,184,1.0
GDR,Swimming,152,2.0
GDR,Athletics,140,3.0
GDR,Gymnastics,86,4.0
GDR,Canoeing,52,5.0
GDR,Football,51,6.0
GDR,Handball,42,7.0
GDR,Cycling,33,8.0
GDR,Volleyball,24,9.0
GDR,Shooting,16,10.0
GDR,Sailing,15,11.0
GDR,Boxing,13,12.0
GDR,Weightlifting,11,13.0
GDR,Judo,9,14.0
GDR,Diving,7,15.0
GEO,Wrestling,22,1.0
GEO,Judo,15,2.0
GEO,Weightlifting,7,3.0
GEO,Boxing,2,4.0
GEO,Shooting,1,5.0
GER,Rowing,252,1.0
GER,Hockey,200,2.0
GER,Athletics,165,3.0
GER,Canoeing,163,4.0
GER,Swimming,160,5.0
GER,Equestrianism,143,6.0
GER,Football,124,7.0
GER,Cycling,94,8.0
GER,Gymnastics,77,9.0
GER,Fencing,73,10.0
GER,Handball,68,11.0
GER,Sailing,46,12.0
GER,Wrestling,38,13.0
GER,Judo,35,14.0
GER,Diving,34,15.0
GHA,Football,20,1.0
GHA,Boxing,4,2.0
GRE,Rowing,60,1.0
GRE,Athletics,40,2.0
GRE,Water Polo,26,3.0
GRE,Shooting,25,4.0
GRE,Sailing,16,5.0
GRE,Weightlifting,16,6.0
GRE,Tennis,13,7.0
GRE,Fencing,12,8.0
GRE,Gymnastics,12,9.0
GRE,Wrestling,12,10.0
GRE,Football,11,11.0
GRE,Swimming,8,12.0
GRE,Tug-Of-War,8,13.0
GRE,Rhythmic Gymnastics,6,14.0
GRE,Cycling,4,15.0
GRN,Athletics,5,1.0
GUA,Shooting,2,1.0
GUA,Athletics,1,2.0
GUY,Boxing,1,1.0
HAI,Shooting,5,1.0
HAI,Athletics,1,2.0
HAI,Rugby,1,3.0
HKG,Table Tennis,5,1.0
HKG,Swimming,4,2.0
HKG,Fencing,3,3.0
HKG,Cycling,1,4.0
HKG,Cycling Track,1,5.0
HKG,Karate,1,6.0
HKG,Sailing,1,7.0
HUN,Fencing,251,1.0
HUN,Water Polo,198,2.0
HUN,Canoeing,158,3.0
HUN,Gymnastics,111,4.0
HUN,Swimming,99,5.0
HUN,Football,79,6.0
HUN,Wrestling,57,7.0
HUN,Athletics,53,8.0
HUN,Handball,45,9.0
HUN,Modern Pentathlon,40,10.0
HUN,Canoe Sprint,23,11.0
HUN,Boxing,20,12.0
HUN,Weightlifting,20,13.0
HUN,Shooting,18,14.0
HUN,Judo,10,15.0
INA,Badminton,32,1.0
INA,Weightlifting,14,2.0
INA,Archery,3,3.0
INA,Sport Climbing,1,4.0
IND,Hockey,207,1.0
IND,Shooting,8,2.0
IND,Wrestling,8,3.0
IND,Athletics,4,4.0
IND,Badminton,3,5.0
IND,Boxing,3,6.0
IND,Weightlifting,2,7.0
IND,Tennis,1,8.0
IOA,Shooting,5,1.0
IRI,Wrestling,55,1.0
IRI,Weightlifting,19,2.0
IRI,Taekwondo,10,3.0
IRI,Athletics,1,4.0
IRI,Karate,1,5.0
IRI,Shooting,1,6.0
IRL,Boxing,19,1.0
IRL,Rowing,12,2.0
IRL,Athletics,6,3.0
IRL,Swimming,5,4.0
IRL,Art Competitions,3,5.0
IRL,Sailing,3,6.0
IRL,Artistic Gymnastics,1,7.0
IRL,Equestrianism,1,8.0
IRQ,Weightlifting,1,1.0
ISL,Handball,14,1.0
ISL,Athletics,2,2.0
ISL,Judo,1,3.0
ISR,Judo,19,1.0
ISR,Rhythmic Gymnastics,6,2.0
ISR,Sailing,5,3.0
ISR,Artistic Gymnastics,2,4.0
ISR,Canoeing,1,5.0
ISR,Taekwondo,1,6.0
ISV,Sailing,1,1.0
ITA,Fencing,387,1.0
ITA,Rowing,197,2.0
ITA,Cycling,124,3.0
ITA,Water Polo,120,4.0
ITA,Gymnastics,109,5.0
ITA,Athletics,85,6.0
ITA,Volleyball,85,7.0
ITA,Shooting,49,8.0
ITA,Boxing,48,9.0
ITA,Football,48,10.0
ITA,Swimming,48,11.0
ITA,Equestrianism,46,12.0
ITA,Sailing,31,13.0
ITA,Basketball,24,14.0
ITA,Canoeing,23,15.0
JAM,Athletics,183,1.0
JAM,Cycling,1,2.0
JOR,Taekwondo,3,1.0
JOR,Karate,1,2.0
JPN,Gymnastics,166,1.0
JPN,Judo,128,2.0
JPN,Swimming,127,3.0
JPN,Volleyball,101,4.0
JPN,Wrestling,87,5.0
JPN,Baseball,64,6.0
JPN,Synchronized Swimming,52,7.0
JPN,Softball,44,8.0
JPN,Baseball/Softball,39,9.0
JPN,Athletics,34,10.0
JPN,Football,34,11.0
JPN,Fencing,26,12.0
JPN,Table Tennis,23,13.0
JPN,Artistic Gymnastics,16,14.0
JPN,Weightlifting,15,15.0
KAZ,Boxing,26,1.0
KAZ,Wrestling,19,2.0
KAZ,Weightlifting,18,3.0
KAZ,Judo,6,4.0
KAZ,Shooting,5,5.0
KAZ,Athletics,4,6.0
KAZ,Cycling,2,7.0
KAZ,Karate,2,8.0
KAZ,Artistic Gymnastics,1,9.0
KAZ,Modern Pentathlon,1,10.0
KAZ,Swimming,1,11.0
KAZ,Taekwondo,1,12.0
KEN,Athletics,120,1.0
KEN,Boxing,7,2.0
KGZ,Wrestling,10,1.0
KGZ,Boxing,1,2.0
KGZ,Judo,1,3.0
KOR,Handball,96,1.0
KOR,Archery,90,2.0
KOR,Judo,61,3.0
KOR,Baseball,48,4.0
KOR,Hockey,48,5.0
KOR,Fencing,46,6.0
KOR,Badminton,40,7.0
KOR,Table Tennis,38,8.0
KOR,Wrestling,36,9.0
KOR,Taekwondo,25,10.0
KOR,Shooting,24,11.0
KOR,Boxing,21,12.0
KOR,Football,18,13.0
KOR,Weightlifting,13,14.0
KOR,Volleyball,12,15.0
KOS,Judo,5,1.0
KSA,Equestrianism,5,1.0
KSA,Athletics,1,2.0
KSA,Karate,1,3.0
KUW,Shooting,3,1.0
LAT,Athletics,5,1.0
LAT,3x3 Basketball,4,2.0
LAT,Cycling,3,3.0
LAT,Weightlifting,3,4.0
LAT,Beach Volleyball,2,5.0
LAT,Canoeing,2,6.0
LAT,Gymnastics,2,7.0
LAT,Judo,1,8.0
LAT,Modern Pentathlon,1,9.0
LAT,Shooting,1,10.0
LAT,Wrestling,1,11.0
LCA,Athletics,2,1.0
LIB,Wrestling,3,1.0
LIB,Weightlifting,1,2.0
LTU,Basketball,35,1.0
LTU,Rowing,7,2.0
LTU,Athletics,6,3.0
LTU,Modern Pentathlon,5,4.0
LTU,3x3 Basketball,4,5.0
LTU,Canoeing,3,6.0
LTU,Wrestling,2,7.0
LTU,Boxing,1,8.0
LTU,Breaking,1,9.0
LTU,Cycling,1,10.0
LTU,Sailing,1,11.0
LTU,Shooting,1,12.0
LTU,Swimming,1,13.0
LTU,Weightlifting,1,14.0
LUX,Art Competitions,3,1.0
LUX,Athletics,2,2.0
LUX,Weightlifting,1,3.0
MAR,Athletics,21,1.0
MAR,Football,19,2.0
MAR,Boxing,4,3.0
MAS,Badminton,17,1.0
MAS,Diving,3,2.0
MAS,Cycling,1,3.0
MAS,Cycling Track,1,4.0
MDA,Boxing,2,1.0
MDA,Canoe Sprint,2,2.0
MDA,Canoeing,2,3.0
MDA,Judo,2,4.0
MDA,Weightlifting,2,5.0
MDA,Wrestling,2,6.0
MDA,Shooting,1,7.0
MEX,Football,38,1.0
MEX,Diving,22,2.0
MEX,Equestrianism,17,3.0
MEX,Boxing,14,4.0
MEX,Athletics,11,5.0
MEX,Basketball,11,6.0
MEX,Archery,7,7.0
MEX,Polo,7,8.0
MEX,Taekwondo,7,9.0
MEX,Cycling,2,10.0
MEX,Swimming,2,11.0
MEX,Weightlifting,2,12.0
MEX,Fencing,1,13.0
MEX,Judo,1,14.0
MEX,Modern Pentathlon,1,15.0
MGL,Judo,12,1.0
MGL,Wrestling,10,2.0
MGL,Boxing,7,3.0
MGL,Shooting,2,4.0
MKD,Taekwondo,1,1.0
MKD,Wrestling,1,2.0
MNE,Handball,14,1.0
MON,Art Competitions,1,1.0
MOZ,Athletics,2,1.0
MRI,Boxing,1,1.0
NAM,Athletics,5,1.0
NED,Hockey,308,1.0
NED,Rowing,180,2.0
NED,Swimming,118,3.0
NED,Cycling,67,4.0
NED,Equestrianism,56,5.0
NED,Athletics,52,6.0
NED,Sailing,52,7.0
NED,Water Polo,44,8.0
NED,Football,42,9.0
NED,Fencing,31,10.0
NED,Judo,24,11.0
NED,Volleyball,24,12.0
NED,Cycling Track,18,13.0
NED,Canoeing,12,14.0
NED,Gymnastics,12,15.0
NGR,Football,50,1.0
NGR,Athletics,42,2.0
NGR,Boxing,6,3.0
NGR,Taekwondo,1,4.0
NGR,Weightlifting,1,5.0
NGR,Wrestling,1,6.0
NIG,Boxing,1,1.0
NIG,Taekwondo,1,2.0
NOR,Sailing,127,1.0
NOR,Gymnastics,121,2.0
NOR,Handball,115,3.0
NOR,Shooting,77,4.0
NOR,Rowing,62,5.0
NOR,Football,47,6.0
NOR,Athletics,26,7.0
NOR,Canoeing,22,8.0
NOR,Wrestling,9,9.0
NOR,Boxing,5,10.0
NOR,Beach Volleyball,4,11.0
NOR,Cycling,4,12.0
NOR,Figure Skating,4,13.0
NOR,Equestrianism,3,14.0
NOR,Swimming,2,15.0
NZL,Rowing,103,1.0
NZL,Rugby Sevens,50,2.0
NZL,Sailing,39,3.0
NZL,Athletics,28,4.0
NZL,Equestrianism,23,5.0
NZL,Canoeing,18,6.0
NZL,Cycling,18,7.0
NZL,Cycling Track,14,8.0
NZL,Hockey,14,9.0
NZL,Canoe Sprint,11,10.0
NZL,Swimming,6,11.0
NZL,Triathlon,5,12.0
NZL,Boxing,4,13.0
NZL,Golf,3,14.0
NZL,Shooting,2,15.0
PAK,Hockey,119,1.0
PAK,Athletics,1,2.0
PAK,Boxing,1,3.0
PAK,Wrestling,1,4.0
PAN,Athletics,3,1.0
PAN,Boxing,1,2.0
PAR,Football,17,1.0
PER,Volleyball,12,1.0
PER,Shooting,3,2.0
PER,Sailing,1,3.0
PHI,Boxing,10,1.0
PHI,Artistic Gymnastics,2,2.0
PHI,Athletics,2,3.0
PHI,Swimming,2,4.0
PHI,Weightlifting,2,5.0
POL,Athletics,96,1.0
POL,Fencing,86,2.0
POL,Rowing,60,3.0
POL,Football,50,4.0
POL,Volleyball,47,5.0
POL,Boxing,44,6.0
POL,Canoeing,37,7.0
POL,Weightlifting,32,8.0
POL,Wrestling,27,9.0
POL,Cycling,24,10.0
POL,Equestrianism,15,11.0
POL,Handball,14,12.0
POL,Shooting,12,13.0
POL,Gymnastics,9,14.0
POL,Art Competitions,8,15.0
POR,Athletics,13,1.0
POR,Equestrianism,10,2.0
POR,Sailing,8,3.0
POR,Fencing,6,4.0
POR,Judo,4,5.0
POR,Cycling Track,3,6.0
POR,Canoeing,2,7.0
POR,Canoe Sprint,1,8.0
POR,Cycling,1,9.0
POR,Shooting,1,10.0
POR,Triathlon,1,11.0
PRK,Weightlifting,17,1.0
PRK,Wrestling,12,2.0
PRK,Volleyball,11,3.0
PRK,Boxing,9,4.0
PRK,Judo,8,5.0
PRK,Table Tennis,7,6.0
PRK,Diving,3,7.0
PRK,Gymnastics,3,8.0
PRK,Shooting,3,9.0
PUR,Boxing,6,1.0
PUR,Athletics,3,2.0
PUR,Wrestling,2,3.0
PUR,Tennis,1,4.0
QAT,Athletics,5,1.0
QAT,Beach Volleyball,2,2.0
QAT,Weightlifting,2,3.0
QAT,Shooting,1,4.0
ROC,Fencing,20,1.0
ROC,Handball,15,2.0
ROC,Artistic Gymnastics,14,3.0
ROC,Volleyball,12,4.0
ROC,Artistic Swimming,10,5.0
ROC,Shooting,10,6.0
ROC,Swimming,10,7.0
ROC,3x3 Basketball,8,8.0
ROC,Wrestling,8,9.0
ROC,Boxing,6,10.0
ROC,Rhythmic Gymnastics,6,11.0
ROC,Cycling Track,5,12.0
ROC,Tennis,5,13.0
ROC,Archery,4,14.0
ROC,Taekwondo,4,15.0
ROU,Rowing,200,1.0
ROU,Gymnastics,135,2.0
ROU,Canoeing,67,3.0
ROU,Handball,58,4.0
ROU,Fencing,48,5.0
ROU,Athletics,35,6.0
ROU,Wrestling,33,7.0
ROU,Boxing,25,8.0
ROU,Rugby,16,9.0
ROU,Shooting,15,10.0
ROU,Weightlifting,14,11.0
ROU,Swimming,11,12.0
ROU,Volleyball,10,13.0
ROU,Judo,6,14.0
ROU,Equestrianism,4,15.0
RSA,Athletics,36,1.0
RSA,Swimming,31,2.0
RSA,Rugby Sevens,26,3.0
RSA,Boxing,19,4.0
RSA,Cycling,16,5.0
RSA,Rowing,8,6.0
RSA,Tennis,8,7.0
RSA,Shooting,5,8.0
RSA,Art Competitions,2,9.0
RSA,Canoeing,1,10.0
RSA,Cycling Mountain Bike,1,11.0
RSA,Surfing,1,12.0
RSA,Triathlon,1,13.0
RUS,Athletics,103,1.0
RUS,Gymnastics,83,2.0
RUS,Volleyball,70,3.0
RUS,Fencing,62,4.0
RUS,Wrestling,60,5.0
RUS,Handball,58,6.0
RUS,Synchronized Swimming,54,7.0
RUS,Water Polo,51,8.0
RUS,Rhythmic Gymnastics,45,9.0
RUS,Swimming,43,10.0
RUS,Basketball,36,11.0
RUS,Shooting,36,12.0
RUS,Boxing,30,13.0
RUS,Diving,27,14.0
RUS,Weightlifting,26,15.0
SCG,Water Polo,25,1.0
SCG,Volleyball,23,2.0
SCG,Basketball,12,3.0
SCG,Shooting,4,4.0
SEN,Athletics,1,1.0
SGP,Table Tennis,7,1.0
SGP,Sailing,1,2.0
SGP,Swimming,1,3.0
SGP,Weightlifting,1,4.0
SLO,Rowing,12,1.0
SLO,Judo,7,2.0
SLO,Athletics,4,3.0
SLO,Sailing,4,4.0
SLO,Shooting,3,5.0
SLO,Canoeing,2,6.0
SLO,Cycling Road,2,7.0
SLO,Sport Climbing,2,8.0
SLO,Canoe Slalom,1,9.0
SLO,Swimming,1,10.0
SMR,Shooting,3,1.0
SMR,Wrestling,1,2.0
SRB,Water Polo,65,1.0
SRB,Basketball,36,2.0
SRB,Volleyball,24,3.0
SRB,Shooting,6,4.0
SRB,Taekwondo,5,5.0
SRB,3x3 Basketball,4,6.0
SRB,Canoeing,2,7.0
SRB,Tennis,2,8.0
SRB,Wrestling,2,9.0
SRB,Athletics,1,10.0
SRB,Karate,1,11.0
SRB,Swimming,1,12.0
SRI,Athletics,2,1.0
SUD,Athletics,1,1.0
SUI,Gymnastics,84,1.0
SUI,Rowing,77,2.0
SUI,Shooting,57,3.0
SUI,Equestrianism,50,4.0
SUI,Cycling,26,5.0
SUI,Fencing,23,6.0
SUI,Handball,17,7.0
SUI,Football,15,8.0
SUI,Wrestling,15,9.0
SUI,Sailing,12,10.0
SUI,Art Competitions,9,11.0
SUI,Tennis,9,12.0
SUI,Athletics,8,13.0
SUI,Beach Volleyball,6,14.0
SUI,Triathlon,6,15.0
SUR,Swimming,2,1.0
SVK,Canoeing,32,1.0
SVK,Shooting,6,2.0
SVK,Canoe Sprint,4,3.0
SVK,Canoe Slalom,2,4.0
SVK,Swimming,2,5.0
SVK,Athletics,1,6.0
SVK,Golf,1,7.0
SVK,Judo,1,8.0
SVK,Wrestling,1,9.0
SWE,Athletics,132,1.0
SWE,Shooting,127,2.0
SWE,Sailing,120,3.0
SWE,Gymnastics,103,4.0
SWE,Wrestling,86,5.0
SWE,Equestrianism,85,6.0
SWE,Football,82,7.0
SWE,Swimming,73,8.0
SWE,Handball,61,9.0
SWE,Canoeing,57,10.0
SWE,Cycling,48,11.0
SWE,Fencing,26,12.0
SWE,Modern Pentathlon,25,13.0
SWE,Water Polo,24,14.0
SWE,Diving,21,15.0
SYR,Athletics,1,1.0
SYR,Boxing,1,2.0
SYR,Weightlifting,1,3.0
SYR,Wrestling,1,4.0
TAN,Athletics,2,1.0
TCH,Gymnastics,78,1.0
TCH,Rowing,45,2.0
TCH,Football,33,3.0
TCH,Athletics,24,4.0
TCH,Volleyball,23,5.0
TCH,Canoeing,18,6.0
TCH,Handball,16,7.0
TCH,Hockey,16,8.0
TCH,Wrestling,15,9.0
TCH,Cycling,13,10.0
TCH,Shooting,9,11.0
TCH,Ice Hockey,8,12.0
TCH,Weightlifting,8,13.0
TCH,Tennis,7,14.0
TCH,Boxing,6,15.0
TGA,Boxing,1,1.0
THA,Boxing,16,1.0
THA,Weightlifting,14,2.0
THA,Taekwondo,7,3.0
THA,Badminton,1,4.0
TJK,Judo,3,1.0
TJK,Boxing,2,2.0
TJK,Athletics,1,3.0
TJK,Wrestling,1,4.0
TKM,Weightlifting,1,1.0
TOG,Canoeing,1,1.0
TPE,Baseball,20,1.0
TPE,Archery,12,2.0
TPE,Weightlifting,11,3.0
TPE,Taekwondo,9,4.0
TPE,Badminton,5,5.0
TPE,Boxing,4,6.0
TPE,Table Tennis,4,7.0
TPE,Artistic Gymnastics,2,8.0
TPE,Athletics,2,9.0
TPE,Golf,1,10.0
TPE,Judo,1,11.0
TPE,Karate,1,12.0
TPE,Shooting,1,13.0
TTO,Athletics,28,1.0
TTO,Weightlifting,3,2.0
TTO,Swimming,1,3.0
TUN,Athletics,5,1.0
TUN,Swimming,4,2.0
TUN,Taekwondo,4,3.0
TUN,Boxing,2,4.0
TUN,Fencing,2,5.0
TUN,Wrestling,1,6.0
TUR,Wrestling,68,1.0
TUR,Weightlifting,12,2.0
TUR,Boxing,10,3.0
TUR,Taekwondo,10,4.0
TUR,Athletics,6,5.0
TUR,Archery,4,6.0
TUR,Karate,4,7.0
TUR,Judo,2,8.0
TUR,Shooting,2,9.0
TUR,Artistic Gymnastics,1,10.0
UAE,Judo,1,1.0
UAE,Shooting,1,2.0
UAR,Boxing,1,1.0
UAR,Wrestling,1,2.0
UGA,Athletics,9,1.0
UGA,Boxing,4,2.0
UKR,Athletics,25,1.0
UKR,Gymnastics,23,2.0
UKR,Wrestling,22,3.0
UKR,Fencing,18,4.0
UKR,Boxing,16,5.0
UKR,Handball,15,6.0
UKR,Canoeing,12,7.0
UKR,Rowing,12,8.0
UKR,Sailing,11,9.0
UKR,Shooting,11,10.0
UKR,Artistic Swimming,10,11.0
UKR,Swimming,9,12.0
UKR,Archery,8,13.0
UKR,Weightlifting,8,14.0
UKR,Cycling,6,15.0
URS,Gymnastics,288,1.0
URS,Athletics,242,2.0
URS,Rowing,155,3.0
URS,Basketball,146,4.0
URS,Fencing,146,5.0
URS,Volleyball,141,6.0
URS,Swimming,124,7.0
URS,Wrestling,116,8.0
URS,Canoeing,87,9.0
URS,Football,87,10.0
URS,Handball,84,11.0
URS,Water Polo,78,12.0
URS,Weightlifting,62,13.0
URS,Cycling,53,14.0
URS,Boxing,51,15.0
URU,Football,31,1.0
URU,Basketball,24,2.0
URU,Rowing,6,3.0
URU,Boxing,1,4.0
URU,Cycling,1,5.0
USA,Swimming,1206,1.0
USA,Athletics,1190,2.0
USA,Basketball,389,3.0
USA,Rowing,388,4.0
USA,Shooting,207,5.0
USA,Gymnastics,194,6.0
USA,Water Polo,176,7.0
USA,Volleyball,158,8.0
USA,Diving,147,9.0
USA,Football,144,10.0
USA,Wrestling,144,11.0
USA,Sailing,142,12.0
USA,Equestrianism,132,13.0
USA,Boxing,118,14.0
USA,Fencing,81,15.0
UZB,Boxing,20,1.0
UZB,Wrestling,13,2.0
UZB,Judo,10,3.0
UZB,Taekwondo,3,4.0
UZB,Weightlifting,3,5.0
UZB,Gymnastics,1,6.0
UZB,Trampolining,1,7.0
VEN,Boxing,6,1.0
VEN,Athletics,3,2.0
VEN,Weightlifting,3,3.0
VEN,Taekwondo,2,4.0
VEN,Cycling,1,5.0
VEN,Cycling BMX Freestyle,1,6.0
VEN,Fencing,1,7.0
VEN,Shooting,1,8.0
VEN,Swimming,1,9.0
VIE,Shooting,2,1.0
VIE,Taekwondo,1,2.0
VIE,Weightlifting,1,3.0
WIF,Athletics,5,1.0
YUG,Basketball,84,1.0
YUG,Water Polo,76,2.0
YUG,Football,73,3.0
YUG,Handball,72,4.0
YUG,Gymnastics,18,5.0
YUG,Wrestling,16,6.0
YUG,Rowing,13,7.0
YUG,Boxing,11,8.0
YUG,Canoeing,7,9.0
YUG,Table Tennis,4,10.0
YUG,Shooting,3,11.0
YUG,Athletics,2,12.0
YUG,Judo,2,13.0
YUG,Swimming,2,14.0
ZAM,Athletics,2,1.0
ZAM,Boxing,1,2.0
ZIM,Hockey,15,1.0
ZIM,Swimming,7,2.0
