feature,importance
medal_points,0.43774519034797377
medals,0.32319949287627736
medals_roll_3,0.049419859952110325
points_lag_1,0.028706842588879122
Year,0.021840823818089276
entries,0.020695487707421925
entries_lag_1,0.01898655951391378
athletes,0.018388302024615628
medals_lag_2,0.014554839781259198
athletes_lag_1,0.010939976953857468
medals_lag_1,0.00893125189898429
female_ratio_lag_1,0.006481403228263426
NOC_USA,0.0052438237832601745
male_ratio,0.004257952757627329
female_ratio,0.004179054964181571
NOC_URS,0.0038828501737127245
Sport_Athletics,0.0021581450226588017
NOC_GDR,0.0018675488689567287
Sport_Swimming,0.0018666645034375315
NOC_RUS,0.0011933190140643274
Sport_Shooting,0.001186699144728551
NOC_CHN,0.0011385687737358922
Sport_Gymnastics,0.0010140970856988073
Sport_Wrestling,0.0009712373759401521
NOC_GER,0.0009387329998583276
NOC_GBR,0.0008040790917902657
NOC_JPN,0.00077992952214288
NOC_FIN,0.0005907226651182049
NOC_SWE,0.0005211973308041325
NOC_AUS,0.0005156841649258876
NOC_FRA,0.00046687081965990845
Sport_Boxing,0.00043718278516273045
Sport_Fencing,0.0004271450743295713
Sport_Judo,0.00041745061359871604
NOC_ROU,0.00037825532380035104
Sport_Weightlifting,0.0003560873840094952
Sport_Rowing,0.00034462012686235517
NOC_HUN,0.000343548609316326
NOC_CUB,0.00033604361229027
NOC_ITA,0.00031722696840717676
Sport_Diving,0.00028862324110221524
NOC_KEN,0.0002641796260968162
NOC_KOR,0.00021798651983207597
NOC_TUR,0.00017299429049861734
NOC_POL,0.0001412441230448682
Sport_Sailing,0.00013944623256391454
Sport_Equestrian,0.00013410973428685494
NOC_NED,0.0001202353769414369
NOC_BUL,0.00011887086189884302
NOC_BEL,0.00010015289895086172
NOC_IRI,8.90216670518441e-05
NOC_UZB,8.01034959715711e-05
Sport_Tennis,7.898284259363172e-05
NOC_NZL,7.465300611887755e-05
NOC_UKR,7.177178274077567e-05
Sport_Taekwondo,6.798600825569564e-05
NOC_NOR,6.418795281586343e-05
NOC_SUI,6.292510326726887e-05
NOC_TCH,5.864415247077745e-05
NOC_FRG,5.711920056358994e-05
NOC_MGL,5.586432652122413e-05
NOC_CAN,5.0671179399594027e-05
NOC_IRL,4.622556032862061e-05
NOC_GRE,4.0771127488971006e-05
Sport_Archery,3.3018720835170757e-05
NOC_DEN,3.05682725521541e-05
NOC_KAZ,2.9750427994435196e-05
NOC_AZE,2.8414843781689755e-05
NOC_TTO,2.7491946510842334e-05
NOC_EGY,2.508674946478119e-05
Sport_Football,2.28824593930264e-05
NOC_JAM,2.241954784087331e-05
NOC_THA,2.1669131914807157e-05
NOC_PRK,2.137299856448672e-05
Sport_Modern Pentathlon,2.0382547965891533e-05
NOC_BLR,1.989243995127969e-05
NOC_MEX,1.9615090883090002e-05
NOC_ARG,1.788475540460841e-05
NOC_YUG,1.6708667535079588e-05
NOC_ESP,1.651708100078556e-05
Sport_Badminton,1.4782018681689435e-05
NOC_POR,1.380732902042241e-05
NOC_ALG,1.3632354298331822e-05
NOC_LTU,1.2942925607210667e-05
NOC_BRA,1.196848966566546e-05
NOC_RSA,1.1930706292186135e-05
NOC_CRO,1.08061852212377e-05
NOC_TJK,8.991150736610726e-06
NOC_GEO,8.604779332212204e-06
Sport_Table Tennis,8.07839014416179e-06
NOC_UGA,7.0701809936169175e-06
NOC_CZE,7.000644714072214e-06
NOC_PHI,6.596582552500027e-06
NOC_MAS,6.2268422562344666e-06
NOC_TPE,5.364431205954058e-06
NOC_EST,5.360281442473478e-06
NOC_ARM,5.0777411621482195e-06
NOC_AUT,4.8968993562781125e-06
Sport_Handball,3.015290045546388e-06
NOC_ZIM,2.9661217505446246e-06
NOC_SMR,2.812928595444839e-06
Sport_Hockey,2.7570074948179898e-06
NOC_SRB,2.6040076236108922e-06
NOC_NGR,2.420476702866316e-06
NOC_TUN,2.2736601051278198e-06
Sport_Beach Volleyball,2.231645095900671e-06
NOC_CIV,1.952457120932785e-06
Sport_Water Polo,1.8688549183570855e-06
NOC_INA,1.7587867739188012e-06
NOC_SVK,1.728270957816411e-06
Sport_Volleyball,1.6816410068287375e-06
NOC_VEN,1.633954976459687e-06
NOC_LAT,1.4900859418389515e-06
Sport_Rugby Sevens,1.1447714199714615e-06
NOC_BAH,9.704606809037246e-07
Sport_Basketball,8.925095256372852e-07
NOC_CHI,8.674440245397719e-07
Sport_Triathlon,6.756214721026422e-07
NOC_MDA,5.961751552741358e-07
NOC_DOM,5.741205465545388e-07
NOC_VIE,4.975238932032377e-07
NOC_MAR,4.870066121927095e-07
NOC_COL,4.4689412532000204e-07
NOC_SLO,4.005079988061919e-07
NOC_MKD,2.578902696667908e-07
NOC_KGZ,1.4400385225455067e-07
NOC_QAT,1.2108486470920153e-07
NOC_NIG,1.1891096759370962e-07
NOC_NAM,1.1339831486667002e-07
NOC_CRC,9.51245513841483e-08
NOC_GUY,4.81858094813788e-08
NOC_BDI,0.0
NOC_BEN,0.0
NOC_MAW,0.0
NOC_MDV,0.0
NOC_MHL,0.0
NOC_MLI,0.0
NOC_JOR,0.0
NOC_KSA,0.0
NOC_KOS,0.0
NOC_KIR,0.0
NOC_LAO,0.0
NOC_LBA,0.0
NOC_LBR,0.0
NOC_KUW,0.0
NOC_HKG,0.0
NOC_HAI,0.0
NOC_LES,0.0
NOC_LCA,0.0
NOC_IVB,0.0
NOC_ISL,0.0
NOC_ISR,0.0
NOC_ISV,0.0
NOC_HON,0.0
NOC_IND,0.0
NOC_IOA,0.0
NOC_IRQ,0.0
NOC_GAB,0.0
NOC_FSM,0.0
NOC_GAM,0.0
NOC_BAN,0.0
NOC_BAR,0.0
NOC_ASA,0.0
NOC_ARU,0.0
NOC_AFG,0.0
NOC_AHO,0.0
NOC_ALB,0.0
NOC_MLT,0.0
NOC_MOZ,0.0
NOC_MTN,0.0
NOC_MNE,0.0
NOC_MON,0.0
NOC_PNG,0.0
NOC_PAR,0.0
NOC_PAN,0.0
NOC_OMA,0.0
NOC_PAK,0.0
NOC_SSD,0.0
NOC_MRI,0.0
NOC_PLW,0.0
NOC_GUM,0.0
NOC_GBS,0.0
NOC_GEQ,0.0
NOC_GHA,0.0
NOC_GRN,0.0
NOC_NRU,0.0
NOC_LIB,0.0
NOC_NEP,0.0
NOC_LIE,0.0
NOC_NCA,0.0
NOC_MYA,0.0
NOC_GUA,0.0
NOC_GUI,0.0
NOC_LUX,0.0
NOC_MAD,0.0
NOC_DJI,0.0
NOC_MAL,0.0
NOC_TAN,0.0
NOC_TGA,0.0
NOC_TKM,0.0
NOC_TLS,0.0
NOC_RWA,0.0
NOC_TOG,0.0
NOC_SAM,0.0
NOC_SCG,0.0
NOC_SKN,0.0
NOC_SEN,0.0
NOC_SEY,0.0
NOC_SGP,0.0
NOC_SLE,0.0
NOC_SRI,0.0
NOC_SOM,0.0
NOC_SOL,0.0
NOC_PUR,0.0
NOC_PER,0.0
NOC_PLE,0.0
NOC_SUD,0.0
NOC_ETH,0.0
NOC_DMA,0.0
NOC_ECU,0.0
NOC_ERI,0.0
NOC_FIJ,0.0
NOC_CAY,0.0
NOC_ESA,0.0
NOC_SYR,0.0
NOC_CHA,0.0
NOC_CGO,0.0
NOC_SWZ,0.0
NOC_SUR,0.0
NOC_CPV,0.0
NOC_CYP,0.0
NOC_BHU,0.0
NOC_BER,0.0
NOC_BIH,0.0
NOC_TUV,0.0
NOC_URU,0.0
NOC_UAE,0.0
NOC_VIN,0.0
NOC_STP,0.0
NOC_VAN,0.0
NOC_COK,0.0
NOC_CMR,0.0
NOC_COM,0.0
NOC_ZAM,0.0
NOC_COD,0.0
NOC_CAM,0.0
NOC_CAF,0.0
NOC_BRU,0.0
NOC_BUR,0.0
NOC_BRN,0.0
NOC_BOT,0.0
NOC_BOL,0.0
NOC_BOH,0.0
NOC_BIZ,0.0
NOC_YEM,0.0
NOC_YAR,0.0
NOC_VNM,0.0
NOC_AND,0.0
NOC_ANZ,0.0
NOC_ANT,0.0
NOC_ANG,0.0
